{"epoch/loss": 250.44705200195312, "epoch/concatenate_2_loss": 69.87503051757812, "epoch/concatenate_3_loss": 57.084617614746094, "epoch/concatenate_4_loss": 123.4874267578125, "epoch/val_loss": 375.10980224609375, "epoch/val_concatenate_2_loss": 85.57902526855469, "epoch/val_concatenate_3_loss": 84.30082702636719, "epoch/val_concatenate_4_loss": 205.22996520996094, "epoch/lr": 4.999999873689376e-05, "epoch/epoch": 1, "epoch/learning_rate": 4.999999873689376e-05, "_timestamp": 1680876685.668014, "_runtime": 92.67464709281921, "_step": 2, "test/score_metrics": {"_type": "table-file", "sha256": "552d15f06532c7502025c34487ed7002aceb826da2ff228663724a0549771652", "size": 301, "artifact_path": "wandb-client-artifact://5i525wymmiy8fy76puwekbspbucaqesyhbptlj42epe6vtwi5w0bv461fmhsgs17aso9cw2uvk5no3ffjo5pq1x4fnl0cogdg58yrtm50v19g4ou1hvseoaof00dj64z:latest/test/score_metrics.table.json", "_latest_artifact_path": "wandb-client-artifact://5i525wymmiy8fy76puwekbspbucaqesyhbptlj42epe6vtwi5w0bv461fmhsgs17aso9cw2uvk5no3ffjo5pq1x4fnl0cogdg58yrtm50v19g4ou1hvseoaof00dj64z:latest/test/score_metrics.table.json", "path": "media/table/test/score_metrics_2_552d15f06532c7502025.table.json", "ncols": 5, "nrows": 3}, "_wandb": {"runtime": 91}}