{"epoch/loss": 413.7602844238281, "epoch/concatenate_2_loss": 95.53838348388672, "epoch/concatenate_3_loss": 99.8193359375, "epoch/concatenate_4_loss": 218.402587890625, "epoch/val_loss": 375.3312072753906, "epoch/val_concatenate_2_loss": 101.2941665649414, "epoch/val_concatenate_3_loss": 85.2582015991211, "epoch/val_concatenate_4_loss": 188.7788543701172, "epoch/lr": 4.999999873689376e-05, "epoch/epoch": 0, "epoch/learning_rate": 4.999999873689376e-05, "_timestamp": 1680873133.1713936, "_runtime": 61.44548773765564, "_step": 0, "_wandb": {"runtime": 260}}