{"epoch/loss": 60.972755432128906, "epoch/concatenate_2_loss": 23.64739990234375, "epoch/concatenate_3_loss": 16.130084991455078, "epoch/concatenate_4_loss": 21.19527816772461, "epoch/val_loss": 180.0148162841797, "epoch/val_concatenate_2_loss": 52.94818878173828, "epoch/val_concatenate_3_loss": 45.14646911621094, "epoch/val_concatenate_4_loss": 81.9201431274414, "epoch/lr": 4.999999873689376e-05, "epoch/epoch": 4, "epoch/learning_rate": 4.999999873689376e-05, "_timestamp": 1680874064.4770496, "_runtime": 165.51438665390015, "_step": 4, "_wandb": {"runtime": 171}}