{"epoch/loss": 163.4153289794922, "epoch/concatenate_2_loss": 62.0413932800293, "epoch/concatenate_3_loss": 39.25210189819336, "epoch/concatenate_4_loss": 62.121788024902344, "epoch/val_loss": 308.8067626953125, "epoch/val_concatenate_2_loss": 80.44341278076172, "epoch/val_concatenate_3_loss": 76.59436798095703, "epoch/val_concatenate_4_loss": 151.7689666748047, "epoch/lr": 4.999999873689376e-05, "epoch/epoch": 1, "epoch/learning_rate": 4.999999873689376e-05, "_timestamp": 1680876095.210041, "_runtime": 88.704097032547, "_step": 2, "test/score_metrics": {"_type": "table-file", "sha256": "af6eef7d667c2505ee82aa1ec7f724c531b75a2a7869e6691b953c23035e350f", "size": 299, "artifact_path": "wandb-client-artifact://r576qlg1u4w6co9vztutdl6s2ozasosom42v66rupl2zo5qgi45soledn0leikoqymfzfql48weqqd96rficex3prvwujbqdkldtnfi0lxr0x8qtrypfrqh3v3rnbhgx:latest/test/score_metrics.table.json", "_latest_artifact_path": "wandb-client-artifact://r576qlg1u4w6co9vztutdl6s2ozasosom42v66rupl2zo5qgi45soledn0leikoqymfzfql48weqqd96rficex3prvwujbqdkldtnfi0lxr0x8qtrypfrqh3v3rnbhgx:latest/test/score_metrics.table.json", "path": "media/table/test/score_metrics_2_af6eef7d667c2505ee82.table.json", "ncols": 5, "nrows": 3}, "_wandb": {"runtime": 87}}