{"epoch/loss": 54.846866607666016, "epoch/concatenate_2_loss": 21.15789031982422, "epoch/concatenate_3_loss": 14.913864135742188, "epoch/concatenate_4_loss": 18.775114059448242, "epoch/concatenate_2_obj_acc": 0.9001279473304749, "epoch/concatenate_3_obj_acc": 0.9397189617156982, "epoch/concatenate_4_obj_acc": 0.9286392331123352, "epoch/val_loss": 184.54151916503906, "epoch/val_concatenate_2_loss": 52.65613555908203, "epoch/val_concatenate_3_loss": 45.79927444458008, "epoch/val_concatenate_4_loss": 86.08609008789062, "epoch/val_concatenate_2_obj_acc": 0.8952991366386414, "epoch/val_concatenate_3_obj_acc": 0.9356098175048828, "epoch/val_concatenate_4_obj_acc": 0.9152593016624451, "epoch/lr": 4.999999873689376e-05, "epoch/epoch": 4, "epoch/learning_rate": 4.999999873689376e-05, "_timestamp": 1680871990.8638878, "_runtime": 171.12176775932312, "_step": 4, "_wandb": {"runtime": 177}}