{"epoch/loss": 247.23516845703125, "epoch/concatenate_2_loss": 66.90738677978516, "epoch/concatenate_3_loss": 54.22452926635742, "epoch/concatenate_4_loss": 126.10326385498047, "epoch/val_loss": 434.09710693359375, "epoch/val_concatenate_2_loss": 90.81216430664062, "epoch/val_concatenate_3_loss": 90.73704528808594, "epoch/val_concatenate_4_loss": 252.54791259765625, "epoch/lr": 4.999999873689376e-05, "epoch/epoch": 1, "epoch/learning_rate": 4.999999873689376e-05, "_timestamp": 1680875367.343447, "_runtime": 99.09720396995544, "_step": 2, "test/score_metrics": {"_type": "table-file", "sha256": "96537ac9f3fc03104c34290ddf587540d7e51edba45b25aa3b1d4b8b5ac8b531", "size": 249, "artifact_path": "wandb-client-artifact://6fn25lbphxb8pvtwo97fw0agnv9ucuzldpwaxuus68vdn40xax6ungjcm5ryt1b4tc8dwtrzfjz3zygt686xcnut0nb755tnni2dcqx9krrwmtczhjjh8htuzfwc8x0y:latest/test/score_metrics.table.json", "_latest_artifact_path": "wandb-client-artifact://6fn25lbphxb8pvtwo97fw0agnv9ucuzldpwaxuus68vdn40xax6ungjcm5ryt1b4tc8dwtrzfjz3zygt686xcnut0nb755tnni2dcqx9krrwmtczhjjh8htuzfwc8x0y:latest/test/score_metrics.table.json", "path": "media/table/test/score_metrics_2_96537ac9f3fc03104c34.table.json", "ncols": 5, "nrows": 3}, "_wandb": {"runtime": 98}}