{"epoch/loss": 249.552978515625, "epoch/concatenate_2_loss": 70.10469818115234, "epoch/concatenate_3_loss": 59.92708206176758, "epoch/concatenate_4_loss": 119.52120971679688, "epoch/val_loss": 317.2948913574219, "epoch/val_concatenate_2_loss": 81.7337875366211, "epoch/val_concatenate_3_loss": 81.66943359375, "epoch/val_concatenate_4_loss": 153.89170837402344, "epoch/lr": 4.999999873689376e-05, "epoch/epoch": 1, "epoch/learning_rate": 4.999999873689376e-05, "_timestamp": 1680876796.9089334, "_runtime": 99.41725444793701, "_step": 2, "test/score_metrics": {"_type": "table-file", "sha256": "cdd2c5e7a3533791270d45b3dca17b7b8536485d0350863840ab29b2d1b17795", "size": 247, "artifact_path": "wandb-client-artifact://7qgsh5ae11ccohodi61lnlc5j7ihgef35y7ip8zqr7sgxj1598ku9fpvel4averb92m2cacibtm9y1hzcxjax03q8k4n7e4djprl2ijlizw48n3g8g0vxq14bea8a82r:latest/test/score_metrics.table.json", "_latest_artifact_path": "wandb-client-artifact://7qgsh5ae11ccohodi61lnlc5j7ihgef35y7ip8zqr7sgxj1598ku9fpvel4averb92m2cacibtm9y1hzcxjax03q8k4n7e4djprl2ijlizw48n3g8g0vxq14bea8a82r:latest/test/score_metrics.table.json", "path": "media/table/test/score_metrics_2_cdd2c5e7a3533791270d.table.json", "ncols": 5, "nrows": 3}, "_wandb": {"runtime": 98}}