{"epoch/loss": 56.470703125, "epoch/concatenate_2_loss": 22.11767578125, "epoch/concatenate_3_loss": 15.706576347351074, "epoch/concatenate_4_loss": 18.646451950073242, "epoch/val_loss": 183.8713836669922, "epoch/val_concatenate_2_loss": 52.09602355957031, "epoch/val_concatenate_3_loss": 46.17179489135742, "epoch/val_concatenate_4_loss": 85.60356903076172, "epoch/lr": 4.999999873689376e-05, "epoch/epoch": 4, "epoch/learning_rate": 4.999999873689376e-05, "_timestamp": 1680872740.2244377, "_runtime": 150.74448466300964, "_step": 4, "_wandb": {"runtime": 157}}