{"epoch/loss": 174.59889221191406, "epoch/concatenate_2_loss": 51.0416374206543, "epoch/concatenate_3_loss": 37.61609649658203, "epoch/concatenate_4_loss": 85.94120025634766, "epoch/val_loss": 258.92364501953125, "epoch/val_concatenate_2_loss": 69.53166198730469, "epoch/val_concatenate_3_loss": 62.10746383666992, "epoch/val_concatenate_4_loss": 127.28450775146484, "epoch/lr": 4.999999873689376e-05, "epoch/epoch": 1, "epoch/learning_rate": 4.999999873689376e-05, "_timestamp": 1680875783.6045294, "_runtime": 94.0161554813385, "_step": 2, "test/score_metrics": {"_type": "table-file", "sha256": "9b8ea65531a3d5d618e070574681686a8e8363307f6db8e19f52047bd609a60d", "size": 297, "artifact_path": "wandb-client-artifact://kuhxw0l1soaossm1p83php3267u3o5d9cb80pf38ml3fkhe83c2d33wqduediwnqjzn52uplwf2vqaimvxxhd93g52j56qvs7a6cbreybxdmbtx6jhucc6txc7g638o1:latest/test/score_metrics.table.json", "_latest_artifact_path": "wandb-client-artifact://kuhxw0l1soaossm1p83php3267u3o5d9cb80pf38ml3fkhe83c2d33wqduediwnqjzn52uplwf2vqaimvxxhd93g52j56qvs7a6cbreybxdmbtx6jhucc6txc7g638o1:latest/test/score_metrics.table.json", "path": "media/table/test/score_metrics_2_9b8ea65531a3d5d618e0.table.json", "ncols": 5, "nrows": 3}, "_wandb": {"runtime": 93}}