{"epoch/loss": 146.28761291503906, "epoch/concatenate_2_loss": 51.68975067138672, "epoch/concatenate_3_loss": 33.64898681640625, "epoch/concatenate_4_loss": 60.94886779785156, "epoch/val_loss": 269.5303039550781, "epoch/val_concatenate_2_loss": 72.4649887084961, "epoch/val_concatenate_3_loss": 64.52677917480469, "epoch/val_concatenate_4_loss": 132.5384979248047, "epoch/lr": 4.999999873689376e-05, "epoch/epoch": 1, "epoch/learning_rate": 4.999999873689376e-05, "_timestamp": 1680875255.8451755, "_runtime": 85.27122759819031, "_step": 2, "test/score_metrics": {"_type": "table-file", "sha256": "c24447fb2b07d41ab6586b71510c881f37edbc7753678bf1699284fe1db37304", "size": 298, "artifact_path": "wandb-client-artifact://2bwtb8z9r0jmfina9fij0fosnhxwgdv9etnefrefr2oh6oahcw0oks7w2it2h3tg4q3ld5x3v0eyeju2ukg9yuv9tys1ln0e4q9ay93fl75v8qs1ta56nurbfdlxjsqx:latest/test/score_metrics.table.json", "_latest_artifact_path": "wandb-client-artifact://2bwtb8z9r0jmfina9fij0fosnhxwgdv9etnefrefr2oh6oahcw0oks7w2it2h3tg4q3ld5x3v0eyeju2ukg9yuv9tys1ln0e4q9ay93fl75v8qs1ta56nurbfdlxjsqx:latest/test/score_metrics.table.json", "path": "media/table/test/score_metrics_2_c24447fb2b07d41ab658.table.json", "ncols": 5, "nrows": 3}, "_wandb": {"runtime": 84}}