{"epoch/loss": 151.54251098632812, "epoch/concatenate_2_loss": 52.86797332763672, "epoch/concatenate_3_loss": 37.06367111206055, "epoch/concatenate_4_loss": 61.61083984375, "epoch/val_loss": 264.894775390625, "epoch/val_concatenate_2_loss": 73.04429626464844, "epoch/val_concatenate_3_loss": 66.48168182373047, "epoch/val_concatenate_4_loss": 125.36881256103516, "epoch/lr": 4.999999873689376e-05, "epoch/epoch": 1, "epoch/learning_rate": 4.999999873689376e-05, "_timestamp": 1680875577.0730379, "_runtime": 90.42222094535828, "_step": 2, "test/score_metrics": {"_type": "table-file", "sha256": "4683f06c3e73061a3adccfb4f967db4c39192df86d85ec4b43ecc155550a87ff", "size": 247, "artifact_path": "wandb-client-artifact://qhjpdj55sw78su40wzb1x6b9zj0e5ce1qrxqsmbgrn8rznbon1n7si3tt78gtfb7s6md2z4k1g65ypzt8rmghbhyo9zu4egi4s73o47p3caal0gfkb4wt25kgf4zmg91:latest/test/score_metrics.table.json", "_latest_artifact_path": "wandb-client-artifact://qhjpdj55sw78su40wzb1x6b9zj0e5ce1qrxqsmbgrn8rznbon1n7si3tt78gtfb7s6md2z4k1g65ypzt8rmghbhyo9zu4egi4s73o47p3caal0gfkb4wt25kgf4zmg91:latest/test/score_metrics.table.json", "path": "media/table/test/score_metrics_2_4683f06c3e73061a3adc.table.json", "ncols": 5, "nrows": 3}, "_wandb": {"runtime": 89}}