{"epoch/loss": 266.55450439453125, "epoch/concatenate_2_loss": 66.01707458496094, "epoch/concatenate_3_loss": 51.990787506103516, "epoch/concatenate_4_loss": 148.54664611816406, "epoch/val_loss": 372.1026611328125, "epoch/val_concatenate_2_loss": 82.00070190429688, "epoch/val_concatenate_3_loss": 78.04334259033203, "epoch/val_concatenate_4_loss": 212.05857849121094, "epoch/lr": 4.999999873689376e-05, "epoch/epoch": 1, "epoch/learning_rate": 4.999999873689376e-05, "_timestamp": 1680876480.3693638, "_runtime": 90.10902190208435, "_step": 2, "test/score_metrics": {"_type": "table-file", "sha256": "1bd939a040a5151a064106307f2ec9a4bb04e7b3eda720e9ec708b3e9a037ecb", "size": 249, "artifact_path": "wandb-client-artifact://vcdaz8j6v0x2uy5vgdqyjd2yih11pl5g53x8dzv0b6ov7jzjr64q48c4m1fel9kro9897knj6wv6vyshuszbackm1udadkfwyu9sd6lz7lbsu8ntqgwa6xo3rwobnbji:latest/test/score_metrics.table.json", "_latest_artifact_path": "wandb-client-artifact://vcdaz8j6v0x2uy5vgdqyjd2yih11pl5g53x8dzv0b6ov7jzjr64q48c4m1fel9kro9897knj6wv6vyshuszbackm1udadkfwyu9sd6lz7lbsu8ntqgwa6xo3rwobnbji:latest/test/score_metrics.table.json", "path": "media/table/test/score_metrics_2_1bd939a040a5151a0641.table.json", "ncols": 5, "nrows": 3}, "_wandb": {"runtime": 89}}