{"epoch/loss": 245.495849609375, "epoch/concatenate_2_loss": 66.52693939208984, "epoch/concatenate_3_loss": 57.56346893310547, "epoch/concatenate_4_loss": 121.40547180175781, "epoch/val_loss": 338.7180480957031, "epoch/val_concatenate_2_loss": 82.88030242919922, "epoch/val_concatenate_3_loss": 82.45221710205078, "epoch/val_concatenate_4_loss": 173.38551330566406, "epoch/lr": 4.999999873689376e-05, "epoch/epoch": 1, "epoch/learning_rate": 4.999999873689376e-05, "_timestamp": 1680875157.29412, "_runtime": 101.70427203178406, "_step": 2, "test/score_metrics": {"_type": "table-file", "sha256": "75b72a3e9d827c8dae20788cbe1405098ff5d6cfae23785deefef4193f11b9c3", "size": 250, "artifact_path": "wandb-client-artifact://550o7q9pcpylbv9j1b93xp0d9zej304gn4cfbdecp2pnjvd9tjkbd6o4yhfuykf8jyfjkhk7g5ce9mm1e51izpytt7zy17zw8imhhlw61lcfisfi28cmx6hx7bwo1g3h:latest/test/score_metrics.table.json", "_latest_artifact_path": "wandb-client-artifact://550o7q9pcpylbv9j1b93xp0d9zej304gn4cfbdecp2pnjvd9tjkbd6o4yhfuykf8jyfjkhk7g5ce9mm1e51izpytt7zy17zw8imhhlw61lcfisfi28cmx6hx7bwo1g3h:latest/test/score_metrics.table.json", "path": "media/table/test/score_metrics_2_75b72a3e9d827c8dae20.table.json", "ncols": 5, "nrows": 3}, "_wandb": {"runtime": 101}}