{"epoch/loss": 62.024017333984375, "epoch/concatenate_2_loss": 25.224607467651367, "epoch/concatenate_3_loss": 16.931385040283203, "epoch/concatenate_4_loss": 19.868019104003906, "epoch/val_loss": 178.856689453125, "epoch/val_concatenate_2_loss": 53.78577423095703, "epoch/val_concatenate_3_loss": 45.30364227294922, "epoch/val_concatenate_4_loss": 79.76726531982422, "epoch/lr": 4.999999873689376e-05, "epoch/epoch": 4, "epoch/learning_rate": 4.999999873689376e-05, "_timestamp": 1680874503.0410862, "_runtime": 170.35826110839844, "_step": 5, "test/score_metrics": {"_type": "table-file", "sha256": "9f4cf1bad2d62bc37f8fbfb13081efd64f0b0c963be6f227a4e4b1ef6d97dd1f", "size": 273, "artifact_path": "wandb-client-artifact://spabjpp0wwlx4p8qqjiypl2qvc9w88far6e5k77wdofg26kysl4pcf4xdbue5balt9rzaphiry9x9sh8rrb6plp4p39ckcc61s5spate6ltxnii4zht48dvlocw4gl6i:latest/test/score_metrics.table.json", "_latest_artifact_path": "wandb-client-artifact://spabjpp0wwlx4p8qqjiypl2qvc9w88far6e5k77wdofg26kysl4pcf4xdbue5balt9rzaphiry9x9sh8rrb6plp4p39ckcc61s5spate6ltxnii4zht48dvlocw4gl6i:latest/test/score_metrics.table.json", "path": "media/table/test/score_metrics_5_9f4cf1bad2d62bc37f8f.table.json", "ncols": 5, "nrows": 3}, "_wandb": {"runtime": 169}}