{"epoch/loss": 141.2187042236328, "epoch/concatenate_2_loss": 56.48271179199219, "epoch/concatenate_3_loss": 36.475929260253906, "epoch/concatenate_4_loss": 48.26005172729492, "epoch/val_loss": 268.97308349609375, "epoch/val_concatenate_2_loss": 72.75569152832031, "epoch/val_concatenate_3_loss": 70.50589752197266, "epoch/val_concatenate_4_loss": 125.71151733398438, "epoch/lr": 4.999999873689376e-05, "epoch/epoch": 1, "epoch/learning_rate": 4.999999873689376e-05, "_timestamp": 1680876222.295829, "_runtime": 85.88794612884521, "_step": 2, "test/score_metrics": {"_type": "table-file", "sha256": "50f1f4e7e83562b8be66fd170d781d5220ce58c2737721f2128afc32a2933d91", "size": 293, "artifact_path": "wandb-client-artifact://ycgbfvumgk3gi4mh2pj9omnom424983n84gr2czy9w3yyeqd9nlxv9myi8j6uy89hfenke6xxnh94h9q0e2a8j5wxk9114lo8koci2d7jyg5g4gh8cfot7nmsfa4gbiw:latest/test/score_metrics.table.json", "_latest_artifact_path": "wandb-client-artifact://ycgbfvumgk3gi4mh2pj9omnom424983n84gr2czy9w3yyeqd9nlxv9myi8j6uy89hfenke6xxnh94h9q0e2a8j5wxk9114lo8koci2d7jyg5g4gh8cfot7nmsfa4gbiw:latest/test/score_metrics.table.json", "path": "media/table/test/score_metrics_2_50f1f4e7e83562b8be66.table.json", "ncols": 5, "nrows": 3}, "_wandb": {"runtime": 85}}