{"epoch/loss": 439.8798522949219, "epoch/concatenate_2_loss": 90.7113265991211, "epoch/concatenate_3_loss": 104.25338745117188, "epoch/concatenate_4_loss": 244.91522216796875, "epoch/val_loss": 371.9446716308594, "epoch/val_concatenate_2_loss": 96.32533264160156, "epoch/val_concatenate_3_loss": 93.9420166015625, "epoch/val_concatenate_4_loss": 181.67730712890625, "epoch/lr": 4.999999873689376e-05, "epoch/epoch": 0, "epoch/learning_rate": 4.999999873689376e-05, "_timestamp": 1680873567.0069556, "_runtime": 61.568888664245605, "_step": 0, "_wandb": {"runtime": 262}}