{"epoch/loss": 211.56802368164062, "epoch/concatenate_2_loss": 62.030181884765625, "epoch/concatenate_3_loss": 61.01439666748047, "epoch/concatenate_4_loss": 88.5234375, "epoch/val_loss": 329.7717590332031, "epoch/val_concatenate_2_loss": 86.08349609375, "epoch/val_concatenate_3_loss": 83.6583023071289, "epoch/val_concatenate_4_loss": 160.0299835205078, "epoch/lr": 4.999999873689376e-05, "epoch/epoch": 1, "epoch/learning_rate": 4.999999873689376e-05, "_timestamp": 1680876378.5530453, "_runtime": 90.55371332168579, "_step": 2, "test/score_metrics": {"_type": "table-file", "sha256": "2eba8eb50d1ea7962d59995aad2d59a836c0eaa4c2449546c5c91c9e906bfb37", "size": 303, "artifact_path": "wandb-client-artifact://otgvdcael6ztf17l6yzbdi1ml35mib9vbtt5vs63s6q3c8kdj5n8y9d3utwzkg1o9el8s2uel87gvrewd8r02wyqe7af98ovc7om9aahzcl3cin0s4pty8zicx2g3ocf:latest/test/score_metrics.table.json", "_latest_artifact_path": "wandb-client-artifact://otgvdcael6ztf17l6yzbdi1ml35mib9vbtt5vs63s6q3c8kdj5n8y9d3utwzkg1o9el8s2uel87gvrewd8r02wyqe7af98ovc7om9aahzcl3cin0s4pty8zicx2g3ocf:latest/test/score_metrics.table.json", "path": "media/table/test/score_metrics_2_2eba8eb50d1ea7962d59.table.json", "ncols": 5, "nrows": 3}, "_wandb": {"runtime": 89}}