{"epoch/loss": 143.18186950683594, "epoch/concatenate_2_loss": 52.917938232421875, "epoch/concatenate_3_loss": 35.57676696777344, "epoch/concatenate_4_loss": 54.68720245361328, "epoch/val_loss": 251.41241455078125, "epoch/val_concatenate_2_loss": 76.48880004882812, "epoch/val_concatenate_3_loss": 63.08412551879883, "epoch/val_concatenate_4_loss": 111.83946990966797, "epoch/lr": 4.999999873689376e-05, "epoch/epoch": 1, "epoch/learning_rate": 4.999999873689376e-05, "_timestamp": 1680875990.5977395, "_runtime": 88.07018947601318, "_step": 2, "test/score_metrics": {"_type": "table-file", "sha256": "b08b3a0eff2c00c95dac77935f9eecee96174b9128cef4f5721fcc942fa4ecad", "size": 299, "artifact_path": "wandb-client-artifact://3lxuon5o2ykql5eaae35bpmnp6wxmxwv2frusxwyei3hqqgto59kjqxhayq3dw1ubcbzdrbu0rysszw7cett05xm0x9pgaqjkjdj4e56pkg0okjjwu4dj4ufxan88y0p:latest/test/score_metrics.table.json", "_latest_artifact_path": "wandb-client-artifact://3lxuon5o2ykql5eaae35bpmnp6wxmxwv2frusxwyei3hqqgto59kjqxhayq3dw1ubcbzdrbu0rysszw7cett05xm0x9pgaqjkjdj4e56pkg0okjjwu4dj4ufxan88y0p:latest/test/score_metrics.table.json", "path": "media/table/test/score_metrics_2_b08b3a0eff2c00c95dac.table.json", "ncols": 5, "nrows": 3}, "_wandb": {"runtime": 87}}