{"epoch/loss": 160.9568634033203, "epoch/concatenate_2_loss": 55.614925384521484, "epoch/concatenate_3_loss": 39.03557205200195, "epoch/concatenate_4_loss": 66.30633544921875, "epoch/val_loss": 270.66900634765625, "epoch/val_concatenate_2_loss": 70.49972534179688, "epoch/val_concatenate_3_loss": 66.04408264160156, "epoch/val_concatenate_4_loss": 134.12518310546875, "epoch/lr": 4.999999873689376e-05, "epoch/epoch": 1, "epoch/learning_rate": 4.999999873689376e-05, "_timestamp": 1680875678.6216497, "_runtime": 87.10490083694458, "_step": 2, "test/score_metrics": {"_type": "table-file", "sha256": "ef74cf058abc5f0aa665c4cd212fa0bed127a95463e09a54db52be030c2ef164", "size": 249, "artifact_path": "wandb-client-artifact://fqcwz8wtvczjm3pbxk0y0s918r2bqsruggy920qxzl1gzrj3utcstlr2eyfsdb932qf9xqw2t1vlwbotig727mtxnngcwga1mjgok6inxzqe5u2vjr5a8szuq82uchgt:latest/test/score_metrics.table.json", "_latest_artifact_path": "wandb-client-artifact://fqcwz8wtvczjm3pbxk0y0s918r2bqsruggy920qxzl1gzrj3utcstlr2eyfsdb932qf9xqw2t1vlwbotig727mtxnngcwga1mjgok6inxzqe5u2vjr5a8szuq82uchgt:latest/test/score_metrics.table.json", "path": "media/table/test/score_metrics_2_ef74cf058abc5f0aa665.table.json", "ncols": 5, "nrows": 3}, "_wandb": {"runtime": 86}}