{"epoch/loss": 157.8314666748047, "epoch/concatenate_2_loss": 48.66649627685547, "epoch/concatenate_3_loss": 37.045738220214844, "epoch/concatenate_4_loss": 72.11921691894531, "epoch/val_loss": 271.86553955078125, "epoch/val_concatenate_2_loss": 67.37705993652344, "epoch/val_concatenate_3_loss": 59.22411346435547, "epoch/val_concatenate_4_loss": 145.26437377929688, "epoch/lr": 4.999999873689376e-05, "epoch/epoch": 1, "epoch/learning_rate": 4.999999873689376e-05, "_timestamp": 1680875889.639024, "_runtime": 90.21968412399292, "_step": 2, "test/score_metrics": {"_type": "table-file", "sha256": "90331902394c658bd51580183982d5f74ffe64b51d51724e87cdb0bd0d31d13c", "size": 298, "artifact_path": "wandb-client-artifact://owz81fdo50b3fswznf4csip31uj5ubnas69yu8ga045zedpbqpy507mlgddrl5kdaf8x1fjx6d606bw3j36ostsmiufsyvk0y98tve4xxmk9gmiy98gsmgctej7flb8y:latest/test/score_metrics.table.json", "_latest_artifact_path": "wandb-client-artifact://owz81fdo50b3fswznf4csip31uj5ubnas69yu8ga045zedpbqpy507mlgddrl5kdaf8x1fjx6d606bw3j36ostsmiufsyvk0y98tve4xxmk9gmiy98gsmgctej7flb8y:latest/test/score_metrics.table.json", "path": "media/table/test/score_metrics_2_90331902394c658bd515.table.json", "ncols": 5, "nrows": 3}, "_wandb": {"runtime": 89}}