{"epoch/loss": 120.7599105834961, "epoch/concatenate_2_loss": 51.91532897949219, "epoch/concatenate_3_loss": 33.29864501953125, "epoch/concatenate_4_loss": 35.54597854614258, "epoch/val_loss": 319.862548828125, "epoch/val_concatenate_2_loss": 86.06824493408203, "epoch/val_concatenate_3_loss": 89.37236785888672, "epoch/val_concatenate_4_loss": 144.42193603515625, "epoch/lr": 4.999999873689376e-05, "epoch/epoch": 1, "epoch/learning_rate": 4.999999873689376e-05, "_timestamp": 1680876580.502638, "_runtime": 86.337229013443, "_step": 2, "test/score_metrics": {"_type": "table-file", "sha256": "9fcb985d2245bac24e95ef843c3508d5006b8d4c89d44e9850fdcf882fef5ca1", "size": 295, "artifact_path": "wandb-client-artifact://6t4cjro9qn139rffdeimjbodp6ery59e60fv8y3221vcggave9zva8wpvqbnxp3o7lioid83ngfvtxmg23iaiu6vqkelye6g501bc736j05e568yqz60ilvclcn6vpv8:latest/test/score_metrics.table.json", "_latest_artifact_path": "wandb-client-artifact://6t4cjro9qn139rffdeimjbodp6ery59e60fv8y3221vcggave9zva8wpvqbnxp3o7lioid83ngfvtxmg23iaiu6vqkelye6g501bc736j05e568yqz60ilvclcn6vpv8:latest/test/score_metrics.table.json", "path": "media/table/test/score_metrics_2_9fcb985d2245bac24e95.table.json", "ncols": 5, "nrows": 3}, "_wandb": {"runtime": 85}}