{"epoch/loss": 66.57510375976562, "epoch/concatenate_2_loss": 24.245311737060547, "epoch/concatenate_3_loss": 16.9975528717041, "epoch/concatenate_4_loss": 25.332239151000977, "epoch/concatenate_2_obj_acc": 0.9041260480880737, "epoch/concatenate_2_mean_iou": 0.7056989669799805, "epoch/concatenate_2_class_acc": 0.9419354200363159, "epoch/concatenate_2_recall": 0.9141104817390442, "epoch/concatenate_3_obj_acc": 0.933766782283783, "epoch/concatenate_3_mean_iou": 0.794827401638031, "epoch/concatenate_3_class_acc": 0.9723790884017944, "epoch/concatenate_3_recall": 0.978056013584137, "epoch/concatenate_4_obj_acc": 0.9025867581367493, "epoch/concatenate_4_mean_iou": 0.7962453961372375, "epoch/concatenate_4_class_acc": 0.6170377731323242, "epoch/concatenate_4_recall": 0.981660008430481, "epoch/val_loss": 181.27491760253906, "epoch/val_concatenate_2_loss": 52.38828659057617, "epoch/val_concatenate_3_loss": 43.75130081176758, "epoch/val_concatenate_4_loss": 85.13532257080078, "epoch/val_concatenate_2_obj_acc": 0.8954635262489319, "epoch/val_concatenate_2_mean_iou": 0.7181607484817505, "epoch/val_concatenate_2_class_acc": 0.9737438559532166, "epoch/val_concatenate_2_recall": 0.9502279758453369, "epoch/val_concatenate_3_obj_acc": 0.9298158884048462, "epoch/val_concatenate_3_mean_iou": 0.8011808395385742, "epoch/val_concatenate_3_class_acc": 0.9863311052322388, "epoch/val_concatenate_3_recall": 0.9701281785964966, "epoch/val_concatenate_4_obj_acc": 0.860227644443512, "epoch/val_concatenate_4_mean_iou": 0.783876895904541, "epoch/val_concatenate_4_class_acc": 0.6329150199890137, "epoch/val_concatenate_4_recall": 0.9446809887886047, "epoch/lr": 4.999999873689376e-05, "epoch/epoch": 4, "epoch/learning_rate": 4.999999873689376e-05, "_timestamp": 1680871096.8463776, "_runtime": 169.79362154006958, "_step": 4, "_wandb": {"runtime": 179}}