{"epoch/loss": 354.8370361328125, "epoch/concatenate_2_loss": 79.61900329589844, "epoch/concatenate_3_loss": 92.37738037109375, "epoch/concatenate_4_loss": 182.8407440185547, "epoch/val_loss": 353.7676696777344, "epoch/val_concatenate_2_loss": 96.52783203125, "epoch/val_concatenate_3_loss": 91.91948699951172, "epoch/val_concatenate_4_loss": 165.32034301757812, "epoch/lr": 4.999999873689376e-05, "epoch/epoch": 0, "epoch/learning_rate": 4.999999873689376e-05, "_timestamp": 1680873413.064469, "_runtime": 60.25621509552002, "_step": 0, "_wandb": {"runtime": 130}}