{"epoch/loss": 126.5625228881836, "epoch/concatenate_2_loss": 49.83940887451172, "epoch/concatenate_3_loss": 33.63775634765625, "epoch/concatenate_4_loss": 43.0853385925293, "epoch/val_loss": 255.2085723876953, "epoch/val_concatenate_2_loss": 71.34941101074219, "epoch/val_concatenate_3_loss": 61.4520263671875, "epoch/val_concatenate_4_loss": 122.40713500976562, "epoch/lr": 4.999999873689376e-05, "epoch/epoch": 1, "epoch/learning_rate": 4.999999873689376e-05, "_timestamp": 1680875472.344718, "_runtime": 84.19756197929382, "_step": 2, "test/score_metrics": {"_type": "table-file", "sha256": "be5ab01f52cad85e39a5a999825779b00afb651c77387f4454a8b19aae86b4db", "size": 292, "artifact_path": "wandb-client-artifact://5vroutuolk5ypbkhadsa1iklfnlyingaylwxej832ytsvz8tfuzrjjub67oqug95hqvq9hjxkrkqz6w6p7kw4zh234aqixojj5hqo8fp1fpedulkbk85c0x2jy9g2bwq:latest/test/score_metrics.table.json", "_latest_artifact_path": "wandb-client-artifact://5vroutuolk5ypbkhadsa1iklfnlyingaylwxej832ytsvz8tfuzrjjub67oqug95hqvq9hjxkrkqz6w6p7kw4zh234aqixojj5hqo8fp1fpedulkbk85c0x2jy9g2bwq:latest/test/score_metrics.table.json", "path": "media/table/test/score_metrics_2_be5ab01f52cad85e39a5.table.json", "ncols": 5, "nrows": 3}, "_wandb": {"runtime": 83}}